{
    "category": "Fun",
    "description": "Play a game of TicTacToe against the bot!",
    "extended": "In the future, you will be able to challenge someone to a match, but this is not implemented yet.",
    "usage": "",
    "RULES": "X is the Player, O the bot.\nTo make a move, simply type [rowNumber] [lineNumber] counting from the bottom left corner.\nThe bottom-right corner would be 3 1, the top right one 3 3.\nSend {CANCEL_WORD} to stop playing any time.",
    "CANCEL_WORD": "cancel",
    "QUIT": "Successfully cancelled the game!",
    "INVALID_MOVE": "Invalid move!",
    "DRAW": "It's a draw!",
    "WIN": "{PLAYER} wins!",
    "LOSS": "{BOT} wins!"
}
