{
    "category": "MODERATION",
    "description": "ban a user",
    "extended": "",
    "usage": "<User (Mention, ID or name)> [reason]",
    "YES": "yes",
    "NO": "no",
    "NOT_HIGHER": "You cannot ban this user, because your highest role is not higher than theirs.",
    "CANT_BAN": "I am unable to ban this user. This is most likely because their role is higher than mine.",
    "CONFIRM": "Do you really want to ban {MEMBER}?\nPlease respond with `{YES}` or `{NO}`.",
    "NO_REASON": "No reason provided.",
    "BAN_DM": "You have been banned from {GUILD}! 🔨",
    "USER_BANNED": "User has been banned! 🔨",
    "BAN_CANCEL": "Ban has been cancelled!",
    "INVALID_RESPONSE": "Invalid response! Please respond with only `{YES}` or `{NO}`!",
    "TOO_SLOW": "You did not respond in time, so I closed the prompt for you.",
    "BAN": "Ban",
    "MEMBER": "Member",
    "MOD": "Moderator",
    "REASON": "Reason"
}
