{
    "category": "Moderation",
    "description": "Create an emoji",
    "extended": "You can also upload an image rather than passing along an url!",
    "usage": "<name> <url>",
    "INVALID_NAME": "You did not provide a valid emoji name.",
    "NO_URL": "You did not provide an url or attachment!",
    "REASON": "Created by {MEMBER} via createemote command.",
    "SUCCESS": "Successfully created your emote {NAME}: {EMOJI}",
    "FAILURE": "Could not create your emote. This is either because this server does not have any free emote slots or because the provided image is bigger than 256kb."
}
