{
    "category": "Moderation",
    "description": "Uploads emotes from other servers to your own server.",
    "extended": "Their name will be the name the other server gave them.",
    "usage": "<emote> (You can provide as many as you want)",
    "NO_EMOJIS": "You did not provide any emotes!",
    "FAILURE": "I was unable to yoink those emotes. This is most likely caused by this server not having any free emoji slots!",
    "SUCCESS": "I successfully yoinked {AMOUNT} emotes: {EMOJIS}",
    "REASON": "Created via {COMMAND} command by {USER}"
}
